{
    "noise": {
        "noise": "gaussian",
        "p": 0.2,
        "r": 0.2,
        "mu": 0,
        "sigma": 16,
        "k": 2
    },
    "settings": {
        "n_component": 80,
        "iters": 40
    },
    "MSE": [
        0.27322038941020976,
        0.2725666362378689,
        0.2727971810532371,
        0.27232089983378815,
        0.2728749033183258
    ],
    "KL": [
        0.26614038083307096,
        0.26657799562752815,
        0.26571931753710704,
        0.26429922331238526,
        0.26348041350799006
    ],
    "L21": [
        0.2730991529930863,
        0.27046465901352446,
        0.27235749298344886,
        0.2729991323314524,
        0.27125854355647705
    ],
    "ROBUSTL1": [
        0.27344672397247816,
        0.2719571462683145,
        0.2719362243968897,
        0.27346623566011236,
        0.2730087000951119
    ]
}