{
    "noise": {
        "noise": "gaussian",
        "p": 0.2,
        "r": 0.2,
        "mu": 0,
        "sigma": 8,
        "k": 2
    },
    "settings": {
        "n_component": 20,
        "iters": 40
    },
    "MSE": [
        0.2745598828458213,
        0.27504371636942254,
        0.27289205247168985,
        0.27137882181984113,
        0.2733218893532106
    ],
    "KL": [
        0.2651714260445849,
        0.2709408165555541,
        0.268073245497985,
        0.2688832593736066,
        0.2701400396229905
    ],
    "L21": [
        0.27633078927920124,
        0.2831281494063561,
        0.2763101285500704,
        0.2810337623884843,
        0.27593701245905294
    ],
    "ROBUSTL1": [
        0.27104466882580425,
        0.2776576520409986,
        0.27381225882763144,
        0.27132205880224186,
        0.27192414436234386
    ]
}