{
    "noise": {
        "noise": "gaussian",
        "p": 0.2,
        "r": 0.2,
        "mu": 0,
        "sigma": 16,
        "k": 2
    },
    "settings": {
        "n_component": 20,
        "iters": 80
    },
    "MSE": [
        0.24642649609336728,
        0.24773404084756073,
        0.2500256492428121,
        0.24674325607488162,
        0.25169700628379066
    ],
    "KL": [
        0.2513302764015262,
        0.2465584843749368,
        0.2466709978338694,
        0.2499364272958657,
        0.24989856211772818
    ],
    "L21": [
        0.2517907992488698,
        0.2510397063791515,
        0.24994072514508353,
        0.2532472457658342,
        0.2512153284388622
    ],
    "ROBUSTL1": [
        0.24711494067059903,
        0.24954788116310941,
        0.25082962202126685,
        0.2489470626717807,
        0.24855149174080254
    ]
}