{
    "noise": {
        "noise": "gaussian",
        "p": 0.2,
        "r": 0.2,
        "mu": 0,
        "sigma": 16,
        "k": 2
    },
    "settings": {
        "n_component": 40,
        "iters": 40
    },
    "MSE": [
        0.27621871825492594,
        0.2761481356000141,
        0.27612936312927294,
        0.27870951993525245,
        0.27441482090226427
    ],
    "KL": [
        0.27181625854603275,
        0.2746915859334043,
        0.26935506695513967,
        0.2727882003572915,
        0.27200485011602593
    ],
    "L21": [
        0.27641116025589374,
        0.27738255691654673,
        0.2758584912283763,
        0.27997773466814585,
        0.27838742408832984
    ],
    "ROBUSTL1": [
        0.2769166083883881,
        0.2741747944382061,
        0.27641250122385047,
        0.27454845101172515,
        0.2771746022940555
    ]
}