{
    "noise": {
        "noise": "gaussian",
        "p": 0.2,
        "r": 0.2,
        "mu": 0,
        "sigma": 32,
        "k": 1
    },
    "settings": {
        "n_component": 20,
        "iters": 40
    },
    "MSE": [
        0.27919146459125094,
        0.28449042649977385,
        0.2797419971660895,
        0.28156403027183025,
        0.2797092389282165
    ],
    "KL": [
        0.28135706898500845,
        0.27855704663607794,
        0.2759122797937773,
        0.27773588046823816,
        0.2798831092708391
    ],
    "L21": [
        0.28096335852179993,
        0.28183657648560506,
        0.2803017807960304,
        0.28361073888390836,
        0.2816714673952622
    ],
    "ROBUSTL1": [
        0.2809466465358941,
        0.288891549671528,
        0.28345883011968576,
        0.28249248877611627,
        0.28930862754696574
    ]
}