{
    "noise": {
        "noise": "gaussian",
        "p": 0.2,
        "r": 0.2,
        "mu": 0,
        "sigma": 8,
        "k": 4
    },
    "settings": {
        "n_component": 20,
        "iters": 40
    },
    "MSE": [
        0.28170420548730024,
        0.2794144861064009,
        0.28467335024492313,
        0.28227135975947526,
        0.28644468042848503
    ],
    "KL": [
        0.27986931843702484,
        0.27848981671235934,
        0.27542565262774715,
        0.2770258053213084,
        0.27853032023709196
    ],
    "L21": [
        0.2836486438159326,
        0.2786991013558371,
        0.28854646286844143,
        0.2854838589364798,
        0.281731030178637
    ],
    "ROBUSTL1": [
        0.28594558040682083,
        0.28866639934653887,
        0.2840342775251489,
        0.2826265658224532,
        0.28432785887351697
    ]
}