{
    "noise": {
        "noise": "gaussian",
        "p": 0.2,
        "r": 0.2,
        "mu": 64,
        "sigma": 8,
        "k": 2
    },
    "settings": {
        "n_component": 20,
        "iters": 40
    },
    "MSE": [
        1.3393818968895363,
        1.337754256562533,
        1.3353607227514048,
        1.3409699113843803,
        1.3370517398716977
    ],
    "KL": [
        1.338809183416659,
        1.339555516867637,
        1.341003912255011,
        1.339616340345929,
        1.3394494875031053
    ],
    "L21": [
        1.3540523769568653,
        1.3494243421780707,
        1.3507382649738424,
        1.3502340004178348,
        1.348298515022471
    ],
    "ROBUSTL1": [
        1.3391925527041166,
        1.3402190353281842,
        1.346210449108505,
        1.3419937641064539,
        1.3419857034789442
    ]
}