{
    "noise": {
        "noise": "gaussian",
        "p": 0.2,
        "r": 0.2,
        "mu": 16,
        "sigma": 8,
        "k": 2
    },
    "settings": {
        "n_component": 20,
        "iters": 40
    },
    "MSE": [
        0.44806973442350834,
        0.45041994639654154,
        0.44636673420809875,
        0.44391653548467597,
        0.44877732067734
    ],
    "KL": [
        0.4388291898924639,
        0.4406010599438966,
        0.4416674500895069,
        0.43947842115707003,
        0.43625493615759164
    ],
    "L21": [
        0.4538685066605814,
        0.45495435981335525,
        0.4545335273133662,
        0.4508294785805813,
        0.4542185321777996
    ],
    "ROBUSTL1": [
        0.45066160059089094,
        0.44718344461873183,
        0.4440805615132109,
        0.44530435777236566,
        0.4465295087502055
    ]
}