{
    "noise": {
        "noise": "gaussian",
        "p": 0.2,
        "r": 0.2,
        "mu": 0,
        "sigma": 16,
        "k": 2
    },
    "settings": {
        "n_component": 20,
        "iters": 150
    },
    "MSE": [
        0.23659775636034594,
        0.23709144825188946,
        0.2361531029668214,
        0.23613656195411936,
        0.2350617146859728
    ],
    "KL": [
        0.23701316981604983,
        0.2379628561768147,
        0.23786665725624243,
        0.23774392549269882,
        0.23757669458820718
    ],
    "L21": [
        0.2350971803903513,
        0.23429256248780866,
        0.23437912580974832,
        0.2342023642767895,
        0.23251316367964323
    ],
    "ROBUSTL1": [
        0.23581019284362656,
        0.23508013693651528,
        0.2353549557990834,
        0.23523741874877893,
        0.23336822984220412
    ]
}