{
    "noise": {
        "noise": "gaussian",
        "p": 0.2,
        "r": 0.2,
        "mu": 0,
        "sigma": 64,
        "k": 1
    },
    "settings": {
        "n_component": 20,
        "iters": 40
    },
    "MSE": [
        0.3196605869540276,
        0.323065834653437,
        0.32124564006943296,
        0.3246208533963998,
        0.3217121015146782
    ],
    "KL": [
        0.3216826423792908,
        0.3203046397296219,
        0.3212504624691513,
        0.31864850747695916,
        0.32147011891195587
    ],
    "L21": [
        0.3248572426847968,
        0.31961292933986224,
        0.31924189517357876,
        0.3189090649981584,
        0.3211984592900112
    ],
    "ROBUSTL1": [
        0.32503697197850595,
        0.32044161658474996,
        0.32533844699532516,
        0.32540388640261514,
        0.3194716968877909
    ]
}