{
    "noise": {
        "noise": "salt_and_pepper",
        "p": 0.2,
        "r": 0.2,
        "mu": 0,
        "sigma": 16,
        "k": 2
    },
    "settings": {
        "n_component": 20,
        "iters": 40
    },
    "MSE": [
        0.6318330873122228,
        0.6319550648126893,
        0.6340432727949386,
        0.6344871259154315,
        0.6345251646052528
    ],
    "KL": [
        0.6204765570702643,
        0.6216306971130077,
        0.6218221137930067,
        0.6205927536737905,
        0.6200142849273848
    ],
    "L21": [
        0.6327100970672236,
        0.6303890316689874,
        0.6326784781006384,
        0.6324931414674465,
        0.631018277895377
    ],
    "ROBUSTL1": [
        0.6347193772060253,
        0.6335232807299289,
        0.6363558148936301,
        0.634327352377045,
        0.6370450588154659
    ]
}