{
    "noise": {
        "noise": "salt_and_pepper",
        "p": 0.1,
        "r": 0.6,
        "mu": 0,
        "sigma": 16,
        "k": 2
    },
    "settings": {
        "n_component": 20,
        "iters": 40
    },
    "MSE": [
        0.6123569885664379,
        0.6111285537324896,
        0.6124663849818341,
        0.6119176864804367,
        0.6136992145653655
    ],
    "KL": [
        0.6013539626977323,
        0.6017389399148705,
        0.6012796953941806,
        0.6029644264351931,
        0.6018327387695045
    ],
    "L21": [
        0.6121695502316152,
        0.6112448362054714,
        0.6102403315897315,
        0.6090910927004183,
        0.6095236071039205
    ],
    "ROBUSTL1": [
        0.6116694276387401,
        0.6136748046253654,
        0.6128186707085658,
        0.6125719247508601,
        0.6123967724323279
    ]
}