{
    "noise": {
        "noise": "salt_and_pepper",
        "p": 0.1,
        "r": 0.2,
        "mu": 0,
        "sigma": 16,
        "k": 2
    },
    "settings": {
        "n_component": 20,
        "iters": 40
    },
    "MSE": [
        0.48208655454794175,
        0.48689030818942725,
        0.4876018812252623,
        0.4876289805116476,
        0.48378119792111013
    ],
    "KL": [
        0.4783320307402149,
        0.48246310496920847,
        0.4832400207692777,
        0.480703568445677,
        0.4816342639858328
    ],
    "L21": [
        0.48763897239754145,
        0.4869957552784461,
        0.4863836286323886,
        0.48867142753091297,
        0.48819252874222335
    ],
    "ROBUSTL1": [
        0.47817965119624906,
        0.4751868025173612,
        0.4774422834138781,
        0.476666980142675,
        0.4771953359561462
    ]
}