{
    "noise": {
        "noise": "salt_and_pepper",
        "p": 0.1,
        "r": 0.2,
        "mu": 0,
        "sigma": 16,
        "k": 2
    },
    "settings": {
        "n_component": 20,
        "iters": 100
    },
    "MSE": [
        0.46987455835137254,
        0.46940954488831255,
        0.4702376378564659,
        0.46856978588092285,
        0.4684082566590372
    ],
    "KL": [
        0.46419028963741954,
        0.462464038233836,
        0.4640293447570022,
        0.46376094246948507,
        0.4638118806847271
    ],
    "L21": [
        0.4682081371033002,
        0.4685428407454822,
        0.4678661523516032,
        0.46875606197861336,
        0.46922237460659294
    ],
    "ROBUSTL1": [
        0.46557126259709863,
        0.46627360006293433,
        0.46566864699778443,
        0.4662659986161758,
        0.464762442505958
    ]
}