{
    "noise": {
        "noise": "salt_and_pepper",
        "p": 0.2,
        "r": 0.6,
        "mu": 0,
        "sigma": 16,
        "k": 2
    },
    "settings": {
        "n_component": 20,
        "iters": 40
    },
    "MSE": [
        0.8226964455144925,
        0.8219092286832265,
        0.8227090093899899,
        0.8203372789778816,
        0.8220921401842995
    ],
    "KL": [
        0.8184481414061254,
        0.819587724902213,
        0.8186815945071669,
        0.819197170002412,
        0.8186908559356368
    ],
    "L21": [
        0.8245415935051265,
        0.8201607878646923,
        0.822204234037184,
        0.8235617556112813,
        0.82426641760758
    ],
    "ROBUSTL1": [
        0.8231090542695978,
        0.8212513205057432,
        0.8225933949221271,
        0.8216264574371903,
        0.8230449150824108
    ]
}