{
    "noise": {
        "noise": "gaussian",
        "p": 0.2,
        "r": 0.2,
        "mu": 0,
        "sigma": 16,
        "k": 4
    },
    "settings": {
        "n_component": 20,
        "iters": 100
    },
    "MSE": [
        0.2855296320060704,
        0.28621928338094293,
        0.28660500956138224,
        0.28877308496763865,
        0.2860434553929521
    ],
    "KL": [
        0.2849599590837306,
        0.2890539846916256,
        0.28497244600783306,
        0.2886077435977141,
        0.2878238353220073
    ],
    "L21": [
        0.2858252177601548,
        0.2859790614446358,
        0.2847263917327142,
        0.2852243334583485,
        0.28613876885515865
    ],
    "ROBUSTL1": [
        0.2872646217539236,
        0.2844988093500369,
        0.2872736424698126,
        0.28346165602984863,
        0.2854861718047955
    ]
}