{
    "noise": {
        "noise": "gaussian",
        "p": 0.2,
        "r": 0.2,
        "mu": 0,
        "sigma": 64,
        "k": 1
    },
    "settings": {
        "n_component": 20,
        "iters": 100
    },
    "MSE": [
        0.2857827113412099,
        0.2866546190738205,
        0.28777689283329533,
        0.2869155349121222,
        0.28739867751002157
    ],
    "KL": [
        0.28847170750685963,
        0.28655373227235814,
        0.2877792196748367,
        0.286849831569092,
        0.287915039410374
    ],
    "L21": [
        0.2860760759431747,
        0.2867223095230272,
        0.28342805059276555,
        0.2851081362552267,
        0.2846022359505186
    ],
    "ROBUSTL1": [
        0.2833427385029239,
        0.2849670869611762,
        0.283789443275707,
        0.2832814717158597,
        0.2878086507646579
    ]
}