{
    "noise": {
        "noise": "gaussian",
        "p": 0.2,
        "r": 0.2,
        "mu": 16,
        "sigma": 16,
        "k": 2
    },
    "settings": {
        "n_component": 20,
        "iters": 100
    },
    "MSE": [
        0.4201960460779927,
        0.4180344260170762,
        0.41860757350731465,
        0.4217621818704654,
        0.41914428735714054
    ],
    "KL": [
        0.41409577375920276,
        0.4151146864147489,
        0.41457017588162615,
        0.41326190753569114,
        0.41327070786436654
    ],
    "L21": [
        0.4184861462273863,
        0.41727443810007336,
        0.4192428576524468,
        0.4180847286962914,
        0.4173379957858555
    ],
    "ROBUSTL1": [
        0.4164608956086809,
        0.4140373971149652,
        0.4152469981249949,
        0.41566002109355354,
        0.41553194823930056
    ]
}