{
    "noise": {
        "noise": "gaussian",
        "p": 0.2,
        "r": 0.2,
        "mu": 0,
        "sigma": 16,
        "k": 4
    },
    "settings": {
        "n_component": 100,
        "iters": 100
    },
    "MSE": [
        0.2651193025930119,
        0.264935525605946,
        0.2632347929458714,
        0.26382390548114276,
        0.2642821727272922
    ],
    "KL": [
        0.2666153973916878,
        0.26643573103041385,
        0.26735285217345184,
        0.2670709535503854,
        0.26753162313979906
    ],
    "L21": [
        0.26357514844222346,
        0.2626602783592158,
        0.2630107491783406,
        0.26398668939041475,
        0.2641086414516281
    ],
    "ROBUSTL1": [
        0.2658493714137745,
        0.2668747900798662,
        0.26487145454845845,
        0.26499650131276076,
        0.2647455643586458
    ]
}