{
    "noise": {
        "noise": "gaussian",
        "p": 0.2,
        "r": 0.2,
        "mu": 0,
        "sigma": 16,
        "k": 4
    },
    "settings": {
        "n_component": 80,
        "iters": 100
    },
    "MSE": [
        0.2680740077495535,
        0.2692331713348547,
        0.2687831003710955,
        0.2670530476499436,
        0.26803131820592435
    ],
    "KL": [
        0.2695786193914047,
        0.2694183384061608,
        0.2694634290450139,
        0.2708888421244855,
        0.2701797898362029
    ],
    "L21": [
        0.26657000525448005,
        0.26606689086270985,
        0.2671575619160178,
        0.2664267336285211,
        0.2669666671757496
    ],
    "ROBUSTL1": [
        0.2681339401873102,
        0.26942108981151774,
        0.2663915236709798,
        0.2686844486816203,
        0.26727432102601634
    ]
}