{
    "noise": {
        "noise": "gaussian",
        "p": 0.2,
        "r": 0.2,
        "mu": 0,
        "sigma": 32,
        "k": 1
    },
    "settings": {
        "n_component": 20,
        "iters": 100
    },
    "MSE": [
        0.2410810579092464,
        0.2404057084964804,
        0.24033433580008737,
        0.24271445644862297,
        0.24187544340096592
    ],
    "KL": [
        0.24419820861152933,
        0.24150331251804463,
        0.2416625719972827,
        0.2407559989048543,
        0.2413171714731583
    ],
    "L21": [
        0.24226986745810358,
        0.24285303038417494,
        0.24312138560984647,
        0.24362194653622127,
        0.2423236942023856
    ],
    "ROBUSTL1": [
        0.23881842269632894,
        0.23709023076178887,
        0.23891329482017182,
        0.2376638792644194,
        0.2399458016006173
    ]
}