{
    "noise": {
        "noise": "gaussian",
        "p": 0.2,
        "r": 0.2,
        "mu": 0,
        "sigma": 16,
        "k": 4
    },
    "settings": {
        "n_component": 40,
        "iters": 100
    },
    "MSE": [
        0.27425396557798554,
        0.27234068077084006,
        0.2740228650655812,
        0.2731380963358686,
        0.27364301967005855
    ],
    "KL": [
        0.27677375704989243,
        0.2784090691174652,
        0.27561555614841826,
        0.2746236817291077,
        0.2753490047778229
    ],
    "L21": [
        0.27717389660957226,
        0.2737681883984282,
        0.275888821742626,
        0.27620418333318425,
        0.276355526491943
    ],
    "ROBUSTL1": [
        0.2743164788691658,
        0.2735903387520155,
        0.2727766444502673,
        0.27606542540589213,
        0.27445689493923653
    ]
}