{
    "noise": {
        "noise": "gaussian",
        "p": 0.2,
        "r": 0.2,
        "mu": 0,
        "sigma": 16,
        "k": 4
    },
    "settings": {
        "n_component": 60,
        "iters": 100
    },
    "MSE": [
        0.2697679226830665,
        0.27013548932520914,
        0.2706170878349813,
        0.2700420404132287,
        0.26855368612234903
    ],
    "KL": [
        0.27110562855132647,
        0.272265966749111,
        0.2692802874398892,
        0.2710156421264051,
        0.2710010689103997
    ],
    "L21": [
        0.2705382264757119,
        0.27120902562365523,
        0.2715685543254498,
        0.2724261508579091,
        0.270820859155053
    ],
    "ROBUSTL1": [
        0.2697141001854516,
        0.2692177237009007,
        0.26903249197319323,
        0.2690878802623695,
        0.27040928136606535
    ]
}