{
    "noise": {
        "noise": "gaussian",
        "p": 0.2,
        "r": 0.2,
        "mu": 0,
        "sigma": 16,
        "k": 2
    },
    "settings": {
        "n_component": 20,
        "iters": 100
    },
    "MSE": [
        0.24116394994904958,
        0.2397084202417857,
        0.2414114311163479,
        0.24221140939905603,
        0.24252854014081204
    ],
    "KL": [
        0.2416573715203406,
        0.2402820345853333,
        0.24323185715960485,
        0.24087334783011524,
        0.24180790205418393
    ],
    "L21": [
        0.2434896037249949,
        0.24177690028342963,
        0.2427820227904964,
        0.2404091434829853,
        0.2431993876475658
    ],
    "ROBUSTL1": [
        0.2430608805648852,
        0.23986574483285691,
        0.24041892225564263,
        0.2399090733185852,
        0.2387517081306997
    ]
}