{
    "noise": {
        "noise": "gaussian",
        "p": 0.2,
        "r": 0.2,
        "mu": 0,
        "sigma": 1,
        "k": 64
    },
    "settings": {
        "n_component": 10,
        "iters": 1
    },
    "MSE": [
        0.5435332948795686,
        0.5436286990778095,
        0.5435625797673037,
        0.543760994031577,
        0.543792597789916
    ],
    "KL": [
        0.5453070570064928,
        0.5454459626668243,
        0.5454171015532658,
        0.5454155662474517,
        0.545331925583567
    ],
    "L21": [
        0.547983127794554,
        0.54808818127637,
        0.5479866308603407,
        0.5479392057392293,
        0.5478835778193084
    ],
    "ROBUSTL1": [
        0.5780482385216482,
        0.5783002467389394,
        0.5781561134239781,
        0.5782179090493419,
        0.578337717694481
    ]
}