{
    "settings": {
        "noise": "gaussian",
        "p": 0.2,
        "r": 0.2,
        "mu": 0,
        "sigma": 1,
        "k": 64
    },
    "MSE": [
        0.5438178935283094,
        0.5437056786617512,
        0.5437776490588073,
        0.5438504943087288,
        0.5437272074731136
    ],
    "KL": [
        0.5455620952517786,
        0.5455108281701414,
        0.5455983312056311,
        0.5454382929431989,
        0.5454845624125837
    ],
    "L21": [
        0.5480894058651775,
        0.5480805664898203,
        0.5480576353494578,
        0.5481238277732283,
        0.5481278752985942
    ],
    "ROBUSTL1": [
        0.5784778813884199,
        0.5784257092879677,
        0.578331666471834,
        0.57850599049161,
        0.5783409612418048
    ]
}