{
    "noise": {
        "noise": "gaussian",
        "p": 0.2,
        "r": 0.2,
        "mu": 0,
        "sigma": 1,
        "k": 64
    },
    "settings": {
        "n_component": 10,
        "iters": 1
    },
    "MSE": [
        0.5431926852877601,
        0.5430754463439968,
        0.5430984257491681,
        0.5430648343462605,
        0.5430439230910973
    ],
    "KL": [
        0.5447320705573194,
        0.5448370592113376,
        0.544718420988256,
        0.5447443664395256,
        0.544822966578904
    ],
    "L21": [
        0.5473277542324482,
        0.5473472299746832,
        0.5473747542841249,
        0.547346731569602,
        0.5472205506489075
    ],
    "ROBUSTL1": [
        0.5777629336132263,
        0.5778509292376266,
        0.5780012224562654,
        0.5778342776753219,
        0.5775856263390856
    ]
}